nomcom,numdep
La Trétoire,77
Itteville,91
Orsonville,78
Boissettes,77
Villennes-sur-Seine,78
Saint-Clair-sur-Epte,95
Eaubonne,95
Saint-Brice-sous-Forêt,95
Vaucresson,92
Longueville,77
Garentreville,77
Janvry,91
Crouy-sur-Ourcq,77
Videlles,91
Melz-sur-Seine,77
Mormant,77
Chauffour-lès-Étréchy,91
Le Perreux-sur-Marne,94
Remauville,77
Le Mérévillois,91
Boullay-les-Troux,91
Servon,77
Chalo-Saint-Mars,91
Fresnes,94
Bobigny,93
Guérard,77
Paris 7e  Arrondissement,75
Fontenailles,77
Le Bellay-en-Vexin,95
Saint-Cyr-la-Rivière,91
Villebéon,77
Longuesse,95
Bazemont,78
Charmentray,77
Ormoy,91
Aigremont,78
Marolles-en-Beauce,91
Lévis-Saint-Nom,78
Fublaines,77
Viarmes,95
Boissy-Saint-Léger,94
Bois-d'Arcy,78
Gastins,77
Lommoye,78
Égly,91
La Celle-les-Bordes,78
Boinville-le-Gaillard,78
Chennevières-sur-Marne,94
Dormelles,77
Beauvoir,77
Courquetaine,77
Corbeil-Essonnes,91
Le Bourget,93
Méry-sur-Oise,95
Autouillet,78
Courtacon,77
Bussy-Saint-Georges,77
Villiers-en-Bière,77
Signy-Signets,77
Boutervilliers,91
Le Plessis-Placy,77
Voisenon,77
Égreville,77
Férolles-Attilly,77
Bombon,77
Gagny,93
Saint-Lambert,78
Saint-Nom-la-Bretèche,78
Villevaudé,77
Romainville,93
Théméricourt,95
Noisy-sur-École,77
Bréançon,95
Saint-Loup-de-Naud,77
Longperrier,77
Fosses,95
Boissy-Mauvoisin,78
Dammartin-en-Goële,77
Saint-Fargeau-Ponthierry,77
Villette,78
Liverdy-en-Brie,77
Versailles,78
Darvault,77
Les Loges-en-Josas,78
Champagne-sur-Oise,95
Menucourt,95
Favières,77
Cernay-la-Ville,78
Prunay-en-Yvelines,78
Diant,77
Saint-Martin-du-Tertre,95
Bougival,78
Bannost-Villegagnon,77
Lésigny,77
Jouy-en-Josas,78
Limeil-Brévannes,94
Coignières,78
Nanterre,92
Les Alluets-le-Roi,78
Génicourt,95
Bray-et-Lû,95
Soisy-sur-École,91
Dammarie-les-Lys,77
Brunoy,91
Le Kremlin-Bicêtre,94
Flexanville,78
Juilly,77
Châtenay-en-France,95
Croissy-sur-Seine,78
Ivry-sur-Seine,94
Chenou,77
Échouboulains,77
Goussonville,78
La Villeneuve-en-Chevrie,78
Vaux-sur-Lunain,77
Verneuil-sur-Seine,78
Lizy-sur-Ourcq,77
Montfermeil,93
Neuilly-en-Vexin,95
La Ferté-Alais,91
Bougligny,77
Mittainville,78
Lesches,77
Châtenay-Malabry,92
Milon-la-Chapelle,78
Valenton,94
Boinvilliers,78
Luisetaines,77
Andilly,95
Les Molières,91
Aulnay-sur-Mauldre,78
Melun,77
Paris 16e  Arrondissement,75
Passy-sur-Seine,77
Vaudherland,95
La Falaise,78
Chevrainvilliers,77
Villemomble,93
Asnières-sur-Oise,95
Corbreuse,91
Paris 10e  Arrondissement,75
La Chapelle-Saint-Sulpice,77
Freneuse,78
Maincy,77
Paris 8e  Arrondissement,75
Montévrain,77
Guercheville,77
Flagy,77
Les Chapelles-Bourbon,77
Combs-la-Ville,77
Boisdon,77
Torfou,91
Fontaine-le-Port,77
Dugny,93
Bazainville,78
Pontcarré,77
Vimpelles,77
Taverny,95
Coulommiers,77
Boigneville,91
Nonville,77
Nemours,77
Orcemont,78
Favrieux,78
Dannemarie,78
Saint-Rémy-lès-Chevreuse,78
Fontenay-le-Vicomte,91
Aubepierre-Ozouer-le-Repos,77
Avrainville,91
Treuzy-Levelay,77
Chanteloup-les-Vignes,78
Saint-Martin-de-Bréthencourt,78
Plaisir,78
Auffargis,78
Saint-Gratien,95
Chavenay,78
Janville-sur-Juine,91
Vert-le-Petit,91
Sailly,78
Bourg-la-Reine,92
Vicq,78
Montolivet,77
Boissy-l'Aillerie,95
Neauphle-le-Château,78
Grez-sur-Loing,77
Belloy-en-France,95
Villecresnes,94
Frépillon,95
Ermont,95
Saint-Cyr-l'École,78
Villeneuve-le-Comte,77
Ablis,78
Briis-sous-Forges,91
Trilport,77
La Tombe,77
Le Chesnay-Rocquencourt,78
Houdan,78
Le Blanc-Mesnil,93
Le Port-Marly,78
Bouleurs,77
Saint-Mesmes,77
Coutevroult,77
Boutigny,77
Les Mureaux,78
Roinvilliers,91
Nointel,95
Achères-la-Forêt,77
Jaignes,77
Le Mesnil-Amelot,77
Allainville,78
Villebon-sur-Yvette,91
Maudétour-en-Vexin,95
Louvres,95
Nozay,91
Issy-les-Moulineaux,92
Saint-Hilarion,78
Chatignonville,91
Clos-Fontaine,77
Villiers-Adam,95
Tigeaux,77
Saint-Sauveur-lès-Bray,77
Breux-Jouy,91
La Frette-sur-Seine,95
Luzancy,77
Provins,77
Maurecourt,78
Morangis,91
Sartrouville,78
Jossigny,77
La Hauteville,78
Mareil-le-Guyon,78
Amponville,77
Butry-sur-Oise,95
Herblay-sur-Seine,95
Triel-sur-Seine,78
Lardy,91
Le Heaulme,95
Angerville,91
Montrouge,92
Étrépilly,77
Bois-Herpin,91
Cormeilles-en-Parisis,95
Saint-Thibault-des-Vignes,77
Puteaux,92
Saint-Witz,95
Magnanville,78
Boissise-la-Bertrand,77
Maffliers,95
Choisy-le-Roi,94
Morsang-sur-Seine,91
Élancourt,78
Rochefort-en-Yvelines,78
Reuil-en-Brie,77
Paris 13e  Arrondissement,75
Paris 18e  Arrondissement,75
Paris 11e  Arrondissement,75
Guermantes,77
Prunay-sur-Essonne,91
Fontenay-sous-Bois,94
Margency,95
Sannois,95
Villeneuve-sur-Bellot,77
Neauphle-le-Vieux,78
Rebais,77
Le Coudray-Montceaux,91
Doue,77
La Chapelle-Rablais,77
Mousseaux-lès-Bray,77
Bagneux,92
Deuil-la-Barre,95
La Chapelle-Moutils,77
Bruyères-sur-Oise,95
Bussy-Saint-Martin,77
Hautefeuille,77
Sammeron,77
Saulx-les-Chartreux,91
Chaville,92
Mondeville,91
Rosay,78
Moret Loing et Orvanne,77
Drancy,93
Précy-sur-Marne,77
Bouffémont,95
Bures-sur-Yvette,91
Saint-Jean-de-Beauregard,91
Vallangoujard,95
Joinville-le-Pont,94
Neauphlette,78
Cachan,94
Dhuisy,77
Souppes-sur-Loing,77
Coupvray,77
Maisons-Laffitte,78
Jutigny,77
Saint-Germain-sur-École,77
Rouilly,77
Sept-Sorts,77
Buthiers,77
Saint-Martin-des-Champs,78
Lissy,77
Ozouer-le-Voulgis,77
Chalmaison,77
Chartrettes,77
Dagny,77
Villiers-sur-Morin,77
Courdimanche-sur-Essonne,91
Sancy,77
Soignolles-en-Brie,77
Hardricourt,78
Torcy,77
Chailly-en-Bière,77
Vayres-sur-Essonne,91
Saint-Ouen-sur-Morin,77
Moisselles,95
Le Tartre-Gaudran,78
Bourdonné,78
Château-Landon,77
Chaussy,95
La Verrière,78
Seugy,95
Fontaine-Fourches,77
Blaru,78
Guigneville-sur-Essonne,91
Samoreau,77
Gironville,77
Gambaiseuil,78
Poincy,77
Gif-sur-Yvette,91
Tilly,78
Le Plessis-Trévise,94
Larchant,77
Flins-sur-Seine,78
Haute-Isle,95
Le Mesnil-le-Roi,78
Les Mesnuls,78
Fontenay-aux-Roses,92
Saint-Fiacre,77
Aufferville,77
Grandchamp,78
Lognes,77
Fontenay-Trésigny,77
Maulette,78
Barbizon,77
Saint-Jean-les-Deux-Jumeaux,77
Hédouville,95
Beauchamp,95
Sigy,77
Pantin,93
Rambouillet,78
Jagny-sous-Bois,95
Vieux-Champagne,77
Évry-Grégy-sur-Yerre,77
Champlan,91
Les Marêts,77
Saint-Brice,77
Guignes,77
Houilles,78
Montainville,78
Le Tremblay-sur-Mauldre,78
Ablon-sur-Seine,94
Arpajon,91
Bouville,91
Andrezel,77
Puisieux,77
Moussy,95
Genainville,95
Arrancourt,91
Le Mesnil-Saint-Denis,78
Condé-Sainte-Libiaire,77
Saint-Michel-sur-Orge,91
Hargeville,78
La Celle-Saint-Cloud,78
Gournay-sur-Marne,93
Saint-Germain-sous-Doue,77
Champdeuil,77
Beaumont-du-Gâtinais,77
Vaujours,93
Pomponne,77
Hondevilliers,77
Saint-Rémy-la-Vanne,77
Germigny-sous-Coulombs,77
Villiers-Saint-Frédéric,78
Bezons,95
Éragny,95
Vignely,77
Boulogne-Billancourt,92
Saint-Illiers-le-Bois,78
Ecquevilly,78
Paris 12e  Arrondissement,75
Grandpuits-Bailly-Carrois,77
Courpalay,77
Louan-Villegruis-Fontaine,77
Nesles-la-Vallée,95
Beautheil-Saints,77
Crosne,91
Magny-les-Hameaux,78
Poissy,78
Gazeran,78
Noisy-sur-Oise,95
Ocquerre,77
Courances,91
Orly,94
Noyen-sur-Seine,77
Moussy-le-Vieux,77
Davron,78
Neuilly-sur-Seine,92
Le Plessis-Pâté,91
Richarville,91
Lumigny-Nesles-Ormeaux,77
Baulne,91
Le Plessis-Robinson,92
Angervilliers,91
Trappes,78
Mauregard,77
La Grande-Paroisse,77
Luzarches,95
Saint-Just-en-Brie,77
Paris 5e  Arrondissement,75
Paris 2e  Arrondissement,75
Gaillon-sur-Montcient,78
Ormesson,77
Condé-sur-Vesgre,78
Pontoise,95
Valpuiseaux,91
Dammartin-en-Serve,78
Chennevières-lès-Louvres,95
Richebourg,78
Vigneux-sur-Seine,91
Faremoutiers,77
Mérobert,91
Villiers-le-Mahieu,78
Bondoufle,91
Plessis-Saint-Benoist,91
Villeneuve-sur-Auvers,91
Boulancourt,77
Monthyon,77
Feucherolles,78
Morsang-sur-Orge,91
Paris 9e  Arrondissement,75
Auteuil,78
Oinville-sur-Montcient,78
Rozay-en-Brie,77
Saint-Martin-la-Garenne,78
Evry-Courcouronnes,91
Saint-Augustin,77
Ichy,77
Forfry,77
Noisiel,77
Juziers,78
Quincy-Voisins,77
Émancé,78
Saint-Leu-la-Forêt,95
Bazoches-sur-Guyonne,78
Saint-Yon,91
Chilly-Mazarin,91
Villejust,91
Sainte-Geneviève-des-Bois,91
Menouville,95
Saint-Escobille,91
Cléry-en-Vexin,95
Le Châtelet-en-Brie,77
Lieusaint,77
Buhy,95
Orgerus,78
Voulangis,77
Sourdun,77
Chérence,95
Villepreux,78
Ponthévrard,78
Congerville-Thionville,91
Boissy-sans-Avoir,78
Thieux,77
Villiers-le-Sec,95
Goupillières,78
Saint-Ouen-l'Aumône,95
Sermaise,91
Collégien,77
Ronquerolles,95
Gommecourt,78
Villiers-le-Bel,95
Ozoir-la-Ferrière,77
Pussay,91
Maurepas,78
Brou-sur-Chantereine,77
Misy-sur-Yonne,77
Argentières,77
Wy-dit-Joli-Village,95
Pierrefitte-sur-Seine,93
Valence-en-Brie,77
Vauhallan,91
La Queue-en-Brie,94
Thoury-Férottes,77
Amenucourt,95
Marles-en-Brie,77
Athis-Mons,91
Mortery,77
Châteaubleau,77
Thomery,77
Cheptainville,91
Hodent,95
Noiseau,94
Neuilly-sur-Marne,93
Longpont-sur-Orge,91
Châtillon,92
Champs-sur-Marne,77
Neuville-sur-Oise,95
Donnemarie-Dontilly,77
Amillis,77
Saint-Siméon,77
Dampmart,77
Chamarande,91
Chaumes-en-Brie,77
Maisse,91
Auvers-Saint-Georges,91
Bullion,78
Beton-Bazoches,77
Jouy-le-Châtel,77
Saint-Méry,77
Tacoignières,78
Survilliers,95
Gouvernes,77
Mours,95
Osmoy,78
Villenoy,77
Saint-Martin-des-Champs,77
Notre-Dame-de-la-Mer,78
Igny,91
Douy-la-Ramée,77
Vendrest,77
Bazoches-lès-Bray,77
Gometz-la-Ville,91
La Haute-Maison,77
Saint-Maurice,94
D'Huison-Longueville,91
Maule,78
Charenton-le-Pont,94
Lagny-sur-Marne,77
Germigny-l'Évêque,77
Leuville-sur-Orge,91
Meigneux,77
Vélizy-Villacoublay,78
Sainte-Aulde,77
Bellefontaine,95
Tournan-en-Brie,77
Gometz-le-Châtel,91
Orphin,78
Saint-Mammès,77
Cerneux,77
La Rochette,77
Auvers-sur-Oise,95
Boissy-sous-Saint-Yon,91
Nanteuil-lès-Meaux,77
Choisel,78
Clamart,92
Cannes-Écluse,77
Sagy,95
Chartronges,77
Quiers,77
Adainville,78
Vitry-sur-Seine,94
Courgent,78
Meaux,77
Limetz-Villez,78
Le Plessis-Feu-Aussoux,77
Vaux-le-Pénil,77
Esmans,77
Follainville-Dennemont,78
Bernes-sur-Oise,95
Iverny,77
Le Mée-sur-Seine,77
Flacourt,78
Auffreville-Brasseuil,78
Villeconin,91
Champagne-sur-Seine,77
Cuisy,77
Auvernaux,91
Pierre-Levée,77
Épiais-lès-Louvres,95
Montereau-Fault-Yonne,77
Montceaux-lès-Meaux,77
Neuilly-Plaisance,93
Les Lilas,93
Pézarches,77
Mary-sur-Marne,77
Rolleboise,78
Puiselet-le-Marais,91
Fromont,77
Rubelles,77
Montceaux-lès-Provins,77
Vigny,95
Le Thillay,95
Marly-la-Ville,95
Senlisse,78
Saint-Mandé,94
Villeroy,77
Viry-Châtillon,91
Mandres-les-Roses,94
Congis-sur-Thérouanne,77
Lorrez-le-Bocage-Préaux,77
Citry,77
Yèbles,77
Vert-le-Grand,91
Thiverval-Grignon,78
Garancières,78
Breuillet,91
Champmotteux,91
Le Tertre-Saint-Denis,78
Cély,77
Fleury-Mérogis,91
Barbey,77
Sceaux,92
Annet-sur-Marne,77
La Ville-du-Bois,91
Marcoussis,91
Le Plessis-l'Évêque,77
Vulaines-lès-Provins,77
Mennecy,91
Montmorency,95
Santeuil,95
Maison-Rouge,77
Limay,78
Nanteuil-sur-Marne,77
Le Raincy,93
Boissy-la-Rivière,91
Vétheuil,95
Vienne-en-Arthies,95
Oncy-sur-École,91
Saint-Illiers-la-Ville,78
Chars,95
Villiers-sur-Seine,77
Raizeux,78
Sablonnières,77
Chevru,77
Jouarre,77
La Houssaye-en-Brie,77
La Ferté-Gaucher,77
Saint-Forget,78
Couilly-Pont-aux-Dames,77
Chelles,77
Clichy,92
Jumeauville,78
Enghien-les-Bains,95
Nainville-les-Roches,91
Chailly-en-Brie,77
Paris 4e  Arrondissement,75
Frémécourt,95
Guernes,78
Vaux-sur-Seine,78
Montenils,77
Forges-les-Bains,91
Stains,93
Obsonville,77
La Garenne-Colombes,92
Roissy-en-Brie,77
Isles-les-Meldeuses,77
Le Val-Saint-Germain,91
Yerres,91
Nucourt,95
Saint-Aubin,91
Cormeilles-en-Vexin,95
Parmain,95
Mériel,95
Thoiry,78
Chevry-en-Sereine,77
Levallois-Perret,92
Saint-Léger-en-Yvelines,78
Buchelay,78
Épinay-sur-Seine,93
Antony,92
Saint-Chéron,91
Osny,95
Vinantes,77
Gouaix,77
Ennery,95
Tigery,91
Montgé-en-Goële,77
Arnouville,95
Mareil-Marly,78
Bussières,77
Arbonne-la-Forêt,77
Flins-Neuve-Église,78
Villeparisis,77
Fleury-en-Bière,77
Mitry-Mory,77
Balloy,77
Andrésy,78
Bagnolet,93
Asnières-sur-Seine,92
Pécy,77
Saint-Vrain,91
Saint-Pierre-du-Perray,91
Poigny-la-Forêt,78
Châtillon-la-Borde,77
Le Pecq,78
Puiseux-en-France,95
Saint-Germain-Laxis,77
Bailly,78
Courbevoie,92
Villemer,77
Pecqueuse,91
Bezalles,77
Mouy-sur-Seine,77
Massy,91
Recloses,77
Gravon,77
Soisy-Bouy,77
Theuville,95
Saint-Mard,77
Saint-Cyr-en-Arthies,95
Rosny-sur-Seine,78
Gretz-Armainvilliers,77
Champcueil,91
Coubron,93
Vincennes,94
Grisy-les-Plâtres,95
Saâcy-sur-Marne,77
Meilleray,77
Saint-Martin-en-Bière,77
Baby,77
Bry-sur-Marne,94
Conflans-Sainte-Honorine,78
Marolles-sur-Seine,77
Authon-la-Plaine,91
Paley,77
Chalautre-la-Grande,77
Ambleville,95
Cergy,95
Émerainville,77
Vaucourtois,77
Conches-sur-Gondoire,77
Féricy,77
Courtomer,77
Boinville-en-Mantois,78
Lizines,77
Changis-sur-Marne,77
Ézanville,95
Mortcerf,77
L'Haÿ-les-Roses,94
Bruyères-le-Châtel,91
Solers,77
Gennevilliers,92
Paris 17e  Arrondissement,75
Noisy-le-Roi,78
Bonneuil-en-France,95
Maisons-Alfort,94
La Roche-Guyon,95
Civry-la-Forêt,78
Lisses,91
Épinay-Champlâtreux,95
Gesvres-le-Chapitre,77
Soisy-sous-Montmorency,95
Rennemoulin,78
Montfort-l'Amaury,78
Champigny-sur-Marne,94
Périgny,94
Alfortville,94
Saint-Germain-sur-Morin,77
Haravilliers,95
Noisy-Rudignon,77
Vincy-Manœuvre,77
La Brosse-Montceaux,77
Saint-Germain-lès-Arpajon,91
Évecquemont,78
Saint-Prix,95
Villiers-le-Bâcle,91
Le Vaudoué,77
Presles,95
Paroy,77
Arronville,95
Jablines,77
Villemareuil,77
Saint-Hilliers,77
Montigny-le-Bretonneux,78
Longnes,78
Machault,77
L'Île-Saint-Denis,93
Charny,77
Le Plessis-Gassot,95
Sevran,93
Paris 20e  Arrondissement,75
Gambais,78
Jouy-sur-Morin,77
Franconville,95
Saint-Cyr-sur-Morin,77
Linas,91
Milly-la-Forêt,91
Sainte-Mesme,78
Grisy-Suisnes,77
Moisenay,77
Aubervilliers,93
Sarcelles,95
Villiers-Saint-Georges,77
Ferrières-en-Brie,77
Saintry-sur-Seine,91
Paris 6e  Arrondissement,75
Lescherolles,77
Méry-sur-Marne,77
Fontains,77
Montry,77
Boitron,77
Nangis,77
Banthelu,95
Saint-Sauveur-sur-École,77
Bennecourt,78
Crécy-la-Chapelle,77
Perdreauville,78
Courcelles-sur-Viosne,95
Villers-en-Arthies,95
Chauconin-Neufmontiers,77
Puiseux-Pontoise,95
Bassevelle,77
La Celle-sur-Morin,77
Chevannes,91
Jouy-le-Moutier,95
Mareuil-lès-Meaux,77
Aulnay-sous-Bois,93
Écharcon,91
Vernouillet,78
Marcilly,77
Ury,77
Ballainvilliers,91
Ris-Orangis,91
Marolles-en-Hurepoix,91
Moigny-sur-École,91
Guitrancourt,78
Les Essarts-le-Roi,78
Vulaines-sur-Seine,77
Savigny-le-Temple,77
Carrières-sur-Seine,78
Drocourt,78
Croissy-Beaubourg,77
Malakoff,92
Varreddes,77
Maisoncelles-en-Brie,77
Aulnoy,77
Ormesson-sur-Marne,94
Boutigny-sur-Essonne,91
Groslay,95
Rupéreux,77
Trilbardou,77
Moussy-le-Neuf,77
Guyancourt,78
Châtenoy,77
Coubert,77
Cessoy-en-Montois,77
Montsoult,95
Ménerville,78
Coulombs-en-Valois,77
Souzy-la-Briche,91
Meulan-en-Yvelines,78
Mousseaux-sur-Seine,78
La Boissière-École,78
Saint-Denis-lès-Rebais,77
Othis,77
Montdauphin,77
Nerville-la-Forêt,95
Tousson,77
Mézières-sur-Seine,78
Nézel,78
Brignancourt,95
Frétoy,77
Rouvres,77
Sognolles-en-Montois,77
Goussainville,95
Le Mesnil-Aubry,95
Montigny-le-Guesdier,77
Aincourt,95
Grigny,91
Montreuil-sur-Epte,95
Saint-Mars-Vieux-Maisons,77
La Norville,91
Beauchery-Saint-Martin,77
Brueil-en-Vexin,78
Longjumeau,91
Charmont,95
Saint-Cyr-sous-Dourdan,91
Bourron-Marlotte,77
Chambry,77
Ormoy-la-Rivière,91
Chevry-Cossigny,77
Seraincourt,95
Vauréal,95
Nanteau-sur-Lunain,77
Champeaux,77
Bois-le-Roi,77
Boissy-aux-Cailles,77
Méricourt,78
Étiolles,91
Saint-Martin-du-Boschet,77
Villaines-sous-Bois,95
Bièvres,91
Frémainville,95
Abbéville-la-Rivière,91
Mézy-sur-Seine,78
Montreuil,93
Chalifert,77
Giremoutiers,77
Lainville-en-Vexin,78
Gentilly,94
Pamfou,77
Saint-Maur-des-Fossés,94
Cocherel,77
Grosrouvre,78
Magny-le-Hongre,77
Paris 19e  Arrondissement,75
Magny-en-Vexin,95
Hermeray,78
Varennes-sur-Seine,77
Carnetin,77
Épône,78
Villeneuve-le-Roi,94
Voisins-le-Bretonneux,78
Saint-Léger,77
Vanves,92
Sonchamp,78
Morigny-Champigny,91
Saclas,91
Tremblay-en-France,93
Beaumont-sur-Oise,95
Vaugrigneuse,91
Gressy,77
Vaudoy-en-Brie,77
Cesson,77
Étampes,91
Isles-lès-Villenoy,77
Crisenoy,77
Les Granges-le-Roi,91
Héricy,77
Penchard,77
Noisy-le-Grand,93
La Chapelle-la-Reine,77
Bray-sur-Seine,77
Condécourt,95
Les Bréviaires,78
Mareil-sur-Mauldre,78
Paray-Vieille-Poste,91
Clairefontaine-en-Yvelines,78
Écouen,95
Blennes,77
Verrières-le-Buisson,91
Courtry,77
Rosny-sous-Bois,93
Orly-sur-Morin,77
Pierrelaye,95
Marcq,78
Mulcent,78
Choisy-en-Brie,77
Bréval,78
Maisoncelles-en-Gâtinais,77
La Queue-les-Yvelines,78
Saint-Hilaire,91
Noisy-le-Sec,93
Cerny,91
Arthies,95
Chauvry,95
Chalou-Moulineux,91
Le Plessis-aux-Bois,77
Marly-le-Roi,78
Buc,78
Villemaréchal,77
Guiry-en-Vexin,95
Mespuits,91
Limours,91
Lassy,95
Fontaine-la-Rivière,91
Draveil,91
Courson-Monteloup,91
Barcy,77
Vémars,95
Villenauxe-la-Petite,77
Thorigny-sur-Marne,77
Épinay-sur-Orge,91
Montchauvet,78
Vaires-sur-Marne,77
Mouroux,77
Saint-Arnoult-en-Yvelines,78
Saint-Germain-lès-Corbeil,91
Persan,95
Gargenville,78
Vert-Saint-Denis,77
Villeneuve-Saint-Denis,77
Chalautre-la-Petite,77
Augers-en-Brie,77
Méré,78
Saint-Ouen-en-Brie,77
Esbly,77
Mauperthuis,77
Hermé,77
Compans,77
Poligny,77
Rueil-Malmaison,92
Ableiges,95
Avernes,95
Jouy-Mauvoisin,78
Blandy,91
Chanteloup-en-Brie,77
Vernou-la-Celle-sur-Seine,77
Villeron,95
La Madeleine-sur-Loing,77
Us,95
Mons-en-Montois,77
Voulton,77
Boissy-le-Cutté,91
Villiers-sous-Grez,77
Garges-lès-Gonesse,95
Bessancourt,95
Clichy-sous-Bois,93
Montereau-sur-le-Jard,77
Bouafle,78
Bois-Colombes,92
Gonesse,95
Vanvillé,77
Marolles-en-Brie,77
Soindres,78
Épinay-sous-Sénart,91
Bréau,77
Chambourcy,78
Perthes,77
Fresnes-sur-Marne,77
Coutençon,77
Brétigny-sur-Orge,91
Villuis,77
Marines,95
Arnouville-lès-Mantes,78
Garches,92
Herbeville,78
Saint-Rémy-l'Honoré,78
Les Ormes-sur-Voulzie,77
Serris,77
Le Plessis-Luzarches,95
La Courneuve,93
Grisy-sur-Seine,77
Seine-Port,77
Saint-Germain-Laval,77
Paris 15e  Arrondissement,75
Paris 1er Arrondissement,75
Beynes,78
Verdelot,77
Chenoise-Cucharmoy,77
Saint-Soupplets,77
Bellot,77
Étréchy,91
Ollainville,91
Quincy-sous-Sénart,91
Valmondois,95
Chamigny,77
Leudeville,91
La Croix-en-Brie,77
Le Plessis-Bouchard,95
Tessancourt-sur-Aubette,78
Montesson,78
Dourdan,91
Claye-Souilly,77
Omerville,95
Ville-d'Avray,92
Chaintreaux,77
Chevreuse,78
Gressey,78
La Chapelle-en-Vexin,95
Fontenay-Mauvoisin,78
Dannemois,91
Villemoisson-sur-Orge,91
Pommeuse,77
Louveciennes,78
Montigny-sur-Loing,77
Domont,95
Thiais,94
Montcourt-Fromonville,77
Villeneuve-la-Garenne,92
Marnes-la-Coquette,92
Montgeron,91
Saint-Germain-de-la-Grange,78
Crespières,78
Salins,77
Marchémoret,77
Guibeville,91
Bransles,77
Villetaneuse,93
Médan,78
Leudon-en-Brie,77
Bondy,93
Villeneuve-sous-Dammartin,77
Mondreville,78
Argenteuil,95
La Forêt-Sainte-Croix,91
Sèvres,92
Breuil-Bois-Robert,78
Bouqueval,95
Moissy-Cramayel,77
Samois-sur-Seine,77
Villiers-sur-Orge,91
Avon,77
Villeneuve-Saint-Georges,94
Fontainebleau,77
Burcy,77
Moisson,78
Montlignon,95
Savins,77
L'Isle-Adam,95
Galluis,78
Orgeval,78
Ussy-sur-Marne,77
Crèvecœur-en-Brie,77
Palaiseau,91
Villabé,91
Jouars-Pontchartrain,78
Saint-Pierre-lès-Nemours,77
Trocy-en-Multien,77
Faÿ-lès-Nemours,77
Forges,77
Viroflay,78
Boissise-le-Roi,77
Sainte-Colombe,77
Livry-Gargan,93
Chessy,77
Frouville,95
Montmagny,95
Le Vésinet,78
Toussus-le-Noble,78
Courdimanche,95
Fontenay-lès-Briis,91
Mauchamps,91
Saint-Cloud,92
Courcelles-en-Bassée,77
Crégy-lès-Meaux,77
Gironville-sur-Essonne,91
Coulommes,77
Issou,78
Égligny,77
Juvisy-sur-Orge,91
Arcueil,94
Commeny,95
Boisemont,95
Dampierre-en-Yvelines,78
Chevilly-Larue,94
Blandy,77
Mantes-la-Ville,78
Suresnes,92
Montgeroult,95
Touquin,77
Soisy-sur-Seine,91
Villejuif,94
Tancrou,77
Marolles-en-Brie,94
Courchamp,77
May-en-Multien,77
Laval-en-Brie,77
Porcheville,78
La Chapelle-Gauthier,77
Orvilliers,78
Guillerval,91
Jaulnes,77
Nogent-sur-Marne,94
Saint-Ouen,93
Saint-Germain-en-Laye,78
Boissy-le-Châtel,77
Les Ulis,91
Berville,95
Léchelle,77
Voinsles,77
Aubergenville,78
Pontault-Combault,77
La Ferté-sous-Jouarre,77
Vert,78
Le Pré-Saint-Gervais,93
L'Étang-la-Ville,78
Thénisy,77
Saint-Barthélemy,77
Boissets,78
Sucy-en-Brie,94
Villecerf,77
Mondreville,77
Brie-Comte-Robert,77
Rampillon,77
Bernay-Vilbert,77
Rumont,77
Nandy,77
Le Perchay,95
Prunay-le-Temple,78
Le Pin,77
Chaufour-lès-Bonnières,78
La Genevraye,77
Créteil,94
Longvilliers,78
Paray-Douaville,78
Livilliers,95
Livry-sur-Seine,77
Cravent,78
Champcenest,77
Réau,77
Pringy,77
Oissery,77
Buno-Bonnevaux,91
Ville-Saint-Jacques,77
Fontenay-Saint-Père,78
Varennes-Jarcy,91
Villiers-sur-Marne,94
Voulx,77
Saclay,91
Achères,78
Chatou,78
Montigny-Lencoup,77
Everly,77
Les Pavillons-sous-Bois,93
Labbeville,95
Verneuil-l'Étang,77
Boissy-le-Sec,91
Mantes-la-Jolie,78
Bonneuil-sur-Marne,94
Colombes,92
Les Clayes-sous-Bois,78
La Chapelle-Iger,77
Dammartin-sur-Tigeaux,77
Gurcy-le-Châtel,77
Attainville,95
Millemont,78
Béhoust,78
Roissy-en-France,95
Fouju,77
Saulx-Marchais,78
Villepinte,93
Bonnelles,78
Nantouillet,77
Chaumontel,95
Presles-en-Brie,77
Fontenay-en-Parisis,95
Baillet-en-France,95
Saint-Gervais,95
Le Perray-en-Yvelines,78
Fontenay-le-Fleury,78
Savigny-sur-Orge,91
Nanteau-sur-Essonne,77
Saint-Denis,93
Chapet,78
Boussy-Saint-Antoine,91
Mareil-en-France,95
Septeuil,78
Bagneaux-sur-Loing,77
Ballancourt-sur-Essonne,91
Châtres,77
Meudon,92
Messy,77
Villeneuve-les-Bordes,77
Armentières-en-Brie,77
Sivry-Courtry,77
Piscop,95
La Forêt-le-Roi,91
Sancy-lès-Provins,77
Saint-Maurice-Montcouronne,91
Orsay,91
Chauffry,77
Carrières-sous-Poissy,78
Arville,77
Limoges-Fourches,77
Poigny,77
Bailly-Romainvilliers,77
Gouzangrez,95
Saint-Sulpice-de-Favières,91
Hérouville,95
Montigny-lès-Cormeilles,95
Montalet-le-Bois,78
Vieille-Église-en-Yvelines,78
Santeny,94
Châtenay-sur-Seine,77
Épiais-Rhus,95
Paris 14e  Arrondissement,75
Les Écrennes,77
Bouray-sur-Juine,91
Brouy,91
Montmachoux,77
Brières-les-Scellés,91
Neufmoutiers-en-Brie,77
Saint-Pathus,77
Châteaufort,78
Monnerville,91
Bonnières-sur-Seine,78
Béthemont-la-Forêt,95
Roinville,91
Montlhéry,91
Rungis,94
Wissous,91
Guerville,78
Andelu,78
Morainvilliers,78
Orveau,91
Jambville,78
Paris 3e  Arrondissement,75